"Relative Path","File Type","File Size","Time Modified","Time Changed","MD5 Hash"
in-house.html,file,26856,1646038495,1646038495,eb37a2c2ecceb08a4b128f5d8ef91b40
meet-the-team-inner.html,file,32645,1646125765,1646125765,c07e952b9549c27026e6b73810472acc
client-stories-inner.html,file,30855,1646135641,1646135641,95902cd1d5fbfa96a936f732d8c4faab
supplier-application.html,file,425,1643856334,1645432005,021a573f6cc482d3313545a0fbad208e
blog.html,file,48061,1646136485,1646136485,37ddba1f1ff206b0d5915233f92825b9
home.html,file,73573,1646223394,1646223394,00e49fe5bbd135c75153183bac64ac8b
price-calculator.html,file,1425,1643856334,1645432005,dd1fc72a9f240bc7c1940a0760fa8868
work-as-a-placement.html,file,38234,1646038495,1646038495,e7613ee7fe11692e3868756416d10067
sectors-inner.html,file,40790,1645194326,1645432005,7a27cec3c22a43c2040a3086a3fc6ef2
testimonials.html,file,3946,1643856334,1645432005,3373d7380a73fcbb8083f2330606f053
about.html,file,45391,1646038856,1646038856,e9061604575aa4332c2999c655cc81fa
privacy-policy.html,file,21892,1643907306,1645432005,b1f2823f976f42e434be9bb7ca9f76f7
get-a-quote.html,file,2043,1643856334,1645432005,3e62f00ac71fc330fb009bd19bda805b
css/editor-style.concat.css,file,3117,1646226074,1646226074,2dd697935f5275edb08520c0e0724794
css/wp-editor-styles.css,file,4309,1646123861,1646123861,48d6101abe02bf71a486b5f2cc30943e
css/styles.css,file,913,1644560634,1645429040,642279c7026d4d118ceadf48ad1d55a9
css/wordpress/wp-content.css,file,9259,1643976632,1645429000,fa017da44bc83b2b437dbd75623012d7
css/wordpress/wp-admin-bar.css,file,315,1643976632,1645429000,c95a7b201999fe827fa99a4ab7fcfb04
css/wordpress/contact-form-7.css,file,1099,1643976632,1645429000,7c88da3fc9b78c9ec34a880f3da7aa4b
css/wordpress/admin-bar.css,file,25213,1643976632,1645429000,5f72768681f4c37c485fb8c14f6feb3d
css/wordpress/,dir,192,1645429000,1645429000,
css/plugins/slick.less,file,1756,1643982470,1645429000,f5309cf6905194850b44fb78b8028b95
css/plugins/jquery-ui.min.css,file,35399,1643976632,1645429000,9ff8daedc0e7c1c1eb814b3d473e2f08
css/plugins/slick.min.css,file,1327,1643982472,1645429000,da4e146913da6966d85a6b8686886edb
css/plugins/jquery-ui.structure.min.css,file,35399,1643976632,1645429000,9ff8daedc0e7c1c1eb814b3d473e2f08
css/plugins/,dir,192,1645429000,1645429000,
css/wp-editor-styles.concat.css,file,7959,1646226074,1646226074,0212f417566fc56265199e3e8ca5249f
css/components/site-footer.css,file,5056,1646223449,1646223449,e2af2037aa8dfe411f367e0fe0924a92
css/components/classes.css,file,1206,1646196300,1646196300,f39d781b57da3806aa320958bbfc2ffe
css/components/site-base.css,file,933,1644560634,1645429040,c95ecac519b2c2629db5e7ce16a4d9d3
css/components/slick.css,file,5620,1646119150,1646119150,c1d6f42d6a6c3237290890ff2705b538
css/components/site-layout.css,file,586,1646116144,1646116144,d39a0e0cdae9dc83353fc75da306279d
css/components/reset.css,file,2322,1643976632,1645429000,a0da15050207c61b19208d17863214ba
css/components/readability.css,file,1566,1643976632,1645429000,3d81bb41b9a380f7ed668c974f0716d8
css/components/site-header.css,file,4213,1646210912,1646210912,726574cc8e1a607181507181e5b63dac
css/components/site-navigation.css,file,4421,1646211772,1646211772,6ea3b988ae41a8e0351c510d7dea76bb
css/components/site-banner.css,file,2762,1646225502,1646225502,f816fa8571bb6368e3f9d1a6579d1ecc
css/components/story.css,file,1644,1645623804,1645623804,e5c6f042263648f885e8bd547b15a2f2
css/components/forms.css,file,154,1643976632,1645429000,01c87bc2577de22750a794a25ac8a631
css/components/print.css,file,607,1643976632,1645429000,feafb398493ba587ff67fef017737761
css/components/buttons.css,file,1988,1646196321,1646196321,51f178eb35fdcc0683013f019ea04be0
css/components/grids.css,file,5188,1646138217,1646138217,6464319a774c27a5c7015d286f16522b
css/components/fonts.css,file,1433,1644560634,1645429040,0755035fb55ff2739ed57b5bb5a516ad
css/components/components.css,file,19164,1646224740,1646224740,06f7baf65fa8f6c39b482ec86d1f0044
css/components/icons.css,file,6327,1646196300,1646196300,eff899f51ef360e75cd0341ed569e5d1
css/components/site-forms.css,file,7047,1646196301,1646196301,9f4a388fb221931ccab4f288bd4ec0a0
css/components/reset-strict.css,file,571,1643976632,1645429000,27b1f6335183dfbf7ad368eaab438d28
css/components/base.css,file,295,1643976632,1645429000,205daefa5fa5349b39e75db88d4c20a6
css/components/,dir,736,1645429040,1645429040,
css/styles.min.css,file,144532,1646226074,1646226074,947a7e04f60f86f731eeb2205ee72947
css/editor-style.css,file,1753,1645623804,1645623804,c112ee02a9ef88530ea4eefb3d1f52d7
css/,dir,352,1645195070,1645429040,
contact.html,file,2335,1643856334,1645432005,df111d55ec288a10a8d2ace1498a2da5
less/styles.less,file,1452,1643982638,1645429000,ae6b4615e00f1741f67a94ddba5f246d
less/core/_mixins-callback.less,file,96,1643976632,1645429000,d6e7641a36118069922d5f7768a9df61
less/core/form/_library.less,file,4394,1643976632,1645429000,6451d8b37e3cbd2e8b18ef0672f24f0c
less/core/form/_always.less,file,631,1643976632,1645429000,7c0e5639afeaa219582c47fee5ac40cd
less/core/form/_variables.less,file,210,1643976632,1645429000,9492070041bf10bdfb6b129d8877f6d6
less/core/form/_palette.less,file,1375,1643976632,1645429000,36f91cad078b5b195666a9bf9f14517d
less/core/form/_elements.less,file,537,1643976632,1645429000,f2cc40e24131ffb40552a5e737bea2b4
less/core/form/_form.less,file,2030,1643976632,1645429000,b85ab333b3d36e5da7c978b363911793
less/core/form/_shortcodes.less,file,1049,1643976632,1645429000,c922c1ef610f493a78d3f0a0f9637fd2
less/core/form/_mixins.less,file,10067,1643976632,1645429000,0cd05ea69a93c70c4ad0a103357c411a
less/core/form/_library-inner.less,file,144,1643976632,1645429000,644aea71652fd72fd7dc3c4445f27203
less/core/form/,dir,352,1645429000,1645432005,
less/core/wordpress/_modules.less,file,0,1643976632,1645429000,d41d8cd98f00b204e9800998ecf8427e
less/core/wordpress/_story.less,file,1041,1643976632,1645429000,ab866c93444f80f599c8b37f8b3c78ef
less/core/wordpress/_base.less,file,3643,1643976632,1645429000,ba34a83442fd75622dae68d67b2f9150
less/core/wordpress/_shortcodes.less,file,392,1643976632,1645429000,998d9b6a9a1807f07859f1bae7dcdf24
less/core/wordpress/_mixins.less,file,644,1643976632,1645429000,b7e6f56bb779121fa058ace5f1bc5b30
less/core/wordpress/,dir,224,1645429000,1645432005,
less/core/plugins/_ui-selectmenu.less,file,3701,1643976632,1645429000,ae615156091403d7c0af7eec4ebd01fa
less/core/plugins/_ui-datepicker.less,file,2191,1643976632,1645429000,d29eb21d50b6c7c4587060bab1f4f7bc
less/core/plugins/_slick.less,file,772,1643976632,1645429000,aac07da71173d93ec6702cbcd5c4f88e
less/core/plugins/_tld-validate.less,file,2129,1643976632,1645429000,c8cec74ae6f0255962226146c42425cc
less/core/plugins/_icheck.less,file,1807,1643976632,1645429000,172ec42a188ed6aa35ad0f7dc2d1cfbe
less/core/plugins/_magnific-popup.less,file,7621,1643976632,1645429000,f92293c8cfaaa1228da041ef3c307f18
less/core/plugins/_ui-tooltip.less,file,1657,1643976632,1645429000,209c7282496be7c3e67aa0b3dcafa0bb
less/core/plugins/_flexslider.less,file,2073,1643976632,1645429000,e1d6dcf9ab0ff0fd4c2addb0b9682751
less/core/plugins/_sly.less,file,712,1643976632,1645429000,07ab86d3b5dbc60040685ce8f385d721
less/core/plugins/_ui-slider.less,file,1899,1643976632,1645429000,b840e191b84af03d532ab828391ff127
less/core/plugins/_bxslider.less,file,1400,1643976632,1645429000,1664bf2143552c8e608139029ad12e7e
less/core/plugins/_contact-form-7.less,file,1338,1643976632,1645429000,713ad8d4c2875f6f1a19892df2d99f5c
less/core/plugins/_simple-select-list.less,file,2052,1643976632,1645429000,63023431a93531be6753e000f419d17f
less/core/plugins/_simple-lightbox.less,file,675,1643976632,1645429000,24a9e73db037d4f5dd317119457c8f9f
less/core/plugins/_scrollpane.less,file,634,1643976632,1645429000,fd1150d5464990047291154326912b15
less/core/plugins/,dir,544,1645429000,1645432005,
less/core/layout/methods/_table.less,file,23077,1643976632,1645429000,5be1a4d671b8e1c4b03649a8f2968636
less/core/layout/methods/_float.less,file,6658,1644305357,1645432005,52dd36008280ca0d9c145f5da18576b4
less/core/layout/methods/_inline.less,file,12948,1643976632,1645429000,b33c278cbc88ee851174ad4db5ee6531
less/core/layout/methods/flex/Support.txt,file,334,1643976632,1645429000,270eeaedf574c947842ab3335466c075
less/core/layout/methods/flex/_box-cnc-flex.less,file,10548,1643976632,1645429000,3b71ce3068ed440a266de36dc656ae4b
less/core/layout/methods/flex/_flexbox.less,file,6010,1643976632,1645429000,d264f354f8b3c33df83c99da4b167c63
less/core/layout/methods/flex/_box.less,file,5344,1643976632,1645429000,f03db33021a7c0e9bd92d01ff9be1b40
less/core/layout/methods/flex/_flex.less,file,20405,1643976632,1645429000,f1e1cdba40488452b85fdab3a69bf5de
less/core/layout/methods/flex/,dir,224,1645429000,1645432005,
less/core/layout/methods/_flex.less,file,590,1643976632,1645429000,690e464aa354118d1448a55337518a27
less/core/layout/methods/,dir,224,1645432005,1645432005,
less/core/layout/_layout.less,file,318,1643976632,1645429000,82d1056a28aab788d386c2097d138a3d
less/core/layout/_variables.less,file,445,1643976632,1645429000,94c21eb3ce72ce8d66cce2c0beb511d7
less/core/layout/utilities/_utilities.less,file,32469,1643976632,1645429000,e8214cbbcbcd50de93cef4d39cecca08
less/core/layout/utilities/_conversions.less,file,3165,1643976632,1645429000,771b86a0453f22a004ec22c9e8c6be3c
less/core/layout/utilities/_classes.less,file,3860,1643976632,1645429000,8119355ca64b4fd51f294d815aefb3ac
less/core/layout/utilities/_classes-webkit-mdpr.less,file,82,1643976632,1645429000,3b57828ae4046861fdff918ac99f7137
less/core/layout/utilities/,dir,192,1645429000,1645432005,
less/core/layout/_concepts.less,file,24887,1643976632,1645429000,21ea075c954b5e5a5ab9646c6044580d
less/core/layout/themes/_cols-module-settings.less,file,260,1643976632,1645429000,4a75e4b40a5cd0b8f59b00f4c5f4125e
less/core/layout/themes/_hang.less,file,2739,1643976632,1645429000,38c101d7776f33387a50b7745f8cf45b
less/core/layout/themes/_cols-module.less,file,100596,1643976632,1645429000,7da908fb580b04de1cc74953ee3a923e
less/core/layout/themes/_stretch.less,file,6812,1643976632,1645429000,78a48710ca943f288f9a8d8d69a5b72c
less/core/layout/themes/_flex-all.less,file,6236,1643976632,1645429000,e7e15498fca98828d4bc840131a56ba1
less/core/layout/themes/_align.less,file,4343,1643976632,1645429000,2ea9aed58c6e1a33df7d1b8876a91310
less/core/layout/themes/_column.less,file,3066,1643976632,1645429000,110912cb6c3afbb72e4396d55c90178c
less/core/layout/themes/,dir,288,1645429000,1645432005,
less/core/layout/,dir,256,1645429000,1645432005,
less/core/_library.less,file,631,1643976632,1645429000,e5fcbd80b0ac2e039fcca610f46b7660
less/core/_always.less,file,383,1643976632,1645429000,a930f415b4eefa3c45dc38680cb22154
less/core/_variables.less,file,2043,1643976632,1645429000,650e5b31e93c64e4f8cc230d9047bb6e
less/core/_make-media.less,file,256,1643976632,1645429000,1dde9dd6dfdf700e79d0b0ebefbda86a
less/core/_palette.less,file,2054,1643976632,1645429000,5d3328df513b1b29c94f102c327e072a
less/core/partner/_tld.less,file,334,1643976632,1645429000,4e89470d6808dcc2c2229c33521f3acd
less/core/partner/_k-and-w.less,file,0,1643976632,1645429000,d41d8cd98f00b204e9800998ecf8427e
less/core/partner/,dir,128,1645429000,1645432005,
less/core/components/_simple-dropdown.less,file,1990,1643976632,1645429000,129cf4d17d9f4a0d1339768bd1d1ce27
less/core/components/_library.less,file,168,1643976632,1645429000,19d5b5f5299f871f7af605c7c5a73960
less/core/components/_social-media.less,file,1493,1643976632,1645429000,7377b3db4f400094112f7256398b6535
less/core/components/_site-navigation.less,file,3121,1645445532,1645445532,65d7430ddaa11fff8559c1ccbe85c630
less/core/components/,dir,192,1645429000,1645432005,
less/core/_base.less,file,5067,1645517711,1645517711,18f386c8199bfd15c349d2142dcfa0bc
less/core/_shortcodes.less,file,528,1643976632,1645429000,356125eed977375ba7f01c524adccb12
less/core/icon/_library.less,file,0,1643976632,1645429000,d41d8cd98f00b204e9800998ecf8427e
less/core/icon/_always.less,file,0,1643976632,1645429000,d41d8cd98f00b204e9800998ecf8427e
less/core/icon/_variables.less,file,41,1643976632,1645429000,c9a17cf9e8d5fed8ada84b314a7c149c
less/core/icon/_icons.less,file,1453,1643976632,1645429000,50e4d89beff15bc36f13b05342cd1989
less/core/icon/_mixins.less,file,5775,1643976632,1645429000,e9d49e4f7e750cd212b935b2382cf208
less/core/icon/,dir,224,1645429000,1645432005,
less/core/_mixins.less,file,16872,1643976632,1645429000,f15130c4b7015b56cc1810034e5ee7bb
less/core/base/_structures.less,file,451,1643976632,1645429000,19286ee2e371b10ec094a58b0ab558da
less/core/base/_identities.less,file,103,1643976632,1645429000,ce7d86f22165149a419951d98773f615
less/core/base/_palette-new.less,file,828,1643976632,1645429000,753971fec273d3c0d32b9e959ca4114b
less/core/base/_palette.less,file,373,1643976632,1645429000,f380a228646ee6519f9030e959445ef1
less/core/base/_base.less,file,1178,1643976632,1645429000,0e8c74578f06eabf226fff0914964dc7
less/core/base/_elements.less,file,814,1643976632,1645429000,6858704fe7fa9f6e9168c1e838a3f311
less/core/base/,dir,256,1645429000,1645432005,
less/core/,dir,608,1645429000,1645432005,
less/wp-editor-styles.less,file,906,1646123860,1646123860,db0b1348596f34467d68cb0798d67ef1
less/_extend-map.less,file,1939,1646196299,1646196299,16c86ab7e5c73b0e2bf17076bfa15a8f
less/components/site-banner.less,file,4686,1646225501,1646225501,f6b840be453a51854b5d0c57db77a001
less/components/components.less,file,22309,1646224739,1646224739,43f26b6f4fdff0a68e7eb919a4a5d803
less/components/grids.less,file,5959,1646138216,1646138216,22df344082ac606468a7f9f21bb42cbc
less/components/slick.less,file,8186,1646119149,1646119149,e6696d396ece898212381a51b3a22862
less/components/story.less,file,300,1643976632,1645429000,e9b386344c6d6ccc4976fc0b9a4fd636
less/components/site-base.less,file,427,1643976632,1645429000,c2c5b35cde15dbb3b0733b9bd71439ae
less/components/buttons.less,file,288,1643976632,1645429000,026026749bb428b772f79c841bbee4b1
less/components/site-header.less,file,3700,1646210911,1646210911,e4aaf805df9db7fe54247b62af34cbb5
less/components/site-footer.less,file,5910,1646223448,1646223448,ef5fe2886bc8b836de1f6a6ae2587f3f
less/components/_support/icons-definitions-start.less,file,455,1643976632,1645429000,3201dfcc198891306478587d2379b8f8
less/components/_support/,dir,96,1645429000,1645432005,
less/components/fonts.less,file,852,1644234029,1645432005,b46ae625f75f23009e3624313bdb2dff
less/components/_library/site-banner.less,file,1360,1645518038,1645518038,3ad0e6b57be195973f1bf5522d0d68c1
less/components/_library/slick.less,file,218,1643976632,1645429000,3dc3dd84d7239db6d291b5c1b4d8d6ca
less/components/_library/malihu-custom-scrollbar.less,file,1216,1643976632,1645429000,c693d707dda9bcea821d72fca4d5c1f5
less/components/_library/magnific-popup.less,file,178,1643976632,1645429000,318afca3792bb7975e01d224bc1a520c
less/components/_library/modal.less,file,2512,1643976632,1645429000,bead12035ed3b20c2db1d3f4f95fd37d
less/components/_library/bxslider.less,file,166,1643976632,1645429000,984bd1c5b5492db3dd7ce5913d690217
less/components/_library/dropdown.less,file,138,1643976632,1645429000,b25b5740a413735a363a8f6296ea917a
less/components/_library/tooltip.less,file,507,1643976632,1645429000,1d1f9d7407e6fb379b6dc77784e18676
less/components/_library/,dir,320,1645432005,1645432005,
less/components/icons.less,file,246,1643976632,1645429000,2cded90ba6426c93bf56429adbc4d83a
less/components/icons-definitions.less,file,3291,1646122041,1646122041,c179f60acf00c2de4f2ada1b0ac890cc
less/components/buttons-definitions.less,file,2165,1646196321,1646196321,4ff81ca7b14b4645ada58af17f8b2cbe
less/components/site-forms.less,file,3574,1646109037,1646109037,474d92582f592606c924d70fb387c0bf
less/components/classes.less,file,680,1643976632,1645429000,63b57437253e464bc789a20c847cf70d
less/components/classes-library.less,file,677,1643976632,1645429000,382bce45dda83a38b20ef4b11cc41816
less/components/site-layout.less,file,885,1646116143,1646116143,29f9888aa90954cc0826999e7624ea98
less/components/site-navigation.less,file,4684,1646211771,1646211771,9eca856505a82dc777f154ea1f67339d
less/components/,dir,704,1645432005,1645432005,
less/site/_story.less,file,2416,1645623803,1645623803,19ef0848b2ddfd448155309ee0e7251c
less/site/plugins/_ui-selectmenu.less,file,870,1643976632,1645429000,e2fe483d3a481387ec5e915e4c81830d
less/site/plugins/_ui-datepicker.less,file,0,1643976632,1645429000,d41d8cd98f00b204e9800998ecf8427e
less/site/plugins/_slick.less,file,258,1643976632,1645429000,b7c7494b3704e89d0d20e9a38d7cb254
less/site/plugins/_icheck.less,file,0,1643976632,1645429000,d41d8cd98f00b204e9800998ecf8427e
less/site/plugins/_magnific-popup.less,file,1337,1643976632,1645429000,466222c505e8afd66ad07dfe6be18549
less/site/plugins/_ui-tooltip.less,file,0,1643976632,1645429000,d41d8cd98f00b204e9800998ecf8427e
less/site/plugins/_flexslider.less,file,651,1643976632,1645429000,220b05a40131146ed0c26e56f696e633
less/site/plugins/_sly.less,file,990,1643976632,1645429000,f5dd0a9910233b0783bda1dd6c17b426
less/site/plugins/_bxslider.less,file,1687,1643976632,1645429000,94721bf6a4afe35fbddc8a7b59b3864d
less/site/plugins/_simple-select-list.less,file,264,1643976632,1645429000,ec32b94f76882d71c4f54ab7d9001f32
less/site/plugins/_simple-lightbox.less,file,555,1643976632,1645429000,63210a86bf96e5f59edfb9999291f67d
less/site/plugins/_scrollpane.less,file,93,1643976632,1645429000,d0f4fe852ff76e7606442c8008efb8f3
less/site/plugins/,dir,448,1645429000,1645432005,
less/site/_variables.less,file,3571,1644319249,1645432005,604f065ba04fe2d4c63763a3f69066d8
less/site/_base.less,file,0,1643976632,1645429000,d41d8cd98f00b204e9800998ecf8427e
less/site/_shortcodes.less,file,0,1643976632,1645429000,d41d8cd98f00b204e9800998ecf8427e
less/site/_classes.less,file,698,1646117465,1646117465,0d87318a37fed720da30ca63ca2da0f7
less/site/_mixins.less,file,0,1643976632,1645429000,d41d8cd98f00b204e9800998ecf8427e
less/site/,dir,288,1645432005,1645432005,
less/editor-style.less,file,1309,1643976632,1645429000,fb029a4938c4743815fb01aff2ba0114
less/,dir,320,1644313554,1645432005,
meet-our-pets.html,file,40990,1646125775,1646125775,57e139b8fd9d6a904865d4efc2689d1e
images/_placeholders/icon_map-marker_red.png,file,13711,1643693816,1645428860,cbc41b019f0fca81e6e7a27f07045d0a
images/_placeholders/icon-small_map-marker_red.png,file,446,1643693816,1645428860,0f1ce1e371990c21ae4a5169fb356ee0
images/_placeholders/google-recaptcha.png,file,2987,1643693816,1645428860,7112928182df6bff521d40ce9f5e9b17
images/_placeholders/,dir,160,1645195070,1645428860,
images/accessories/lg-light-green-map-bg.png,file,72971,1644486220,1645428860,2210c23c6e3f57bc8b29a3f5e21b20ee
images/accessories/md-green-dotted-circle-bg.png,file,18617,1643693816,1645428860,64507f34a64d2171ee93af3fb37f4bff
images/accessories/md-white-dotted-circle-bg.png,file,15432,1643693816,1645428860,a5c271e6381487a5c02ffb1df71e66b5
images/accessories/sm-green-dotted-circle-bg.png,file,13402,1643693816,1645428860,c42485f2b9817121fcaa4f2abfda250e
images/accessories/tn-blue-dotted-circle-bg.png,file,6647,1643693816,1645428860,ddb0e37c89ccc799a106b0a510f684e2
images/accessories/lg-green-dotted-circle-bg.png,file,26249,1643693816,1645428860,e51da5d1e953d5d1d97e7bdcc89997ed
images/accessories/md-sm-green-dotted-circle-bg.png,file,13402,1643693816,1645428860,c42485f2b9817121fcaa4f2abfda250e
images/accessories/lg-grey-map-bg.png,file,66610,1643693816,1645428860,55678af430cfdd8e2fedfccb9c970383
images/accessories/md-blue-dotted-circle-bg.png,file,18774,1645191750,1645428860,5f4e5ec38229a63facd8cb2ff36ab9c1
images/accessories/,dir,352,1645195070,1645428860,
images/pictures/pic-md_tommy.png,file,112281,1644165838,1645428860,46a7ae12b49259eef4bfc365812b2eea
images/pictures/pic-md_community.jpg,file,129504,1643899640,1645428860,5620f8df691f718fde7d9d3796824f6d
images/pictures/pic-bn_services-inner.jpg,file,364645,1645797410,1645797410,b60197f7b1f1b53b1e7be267d748ce6c
images/pictures/pic-lg_fixed-price.jpg,file,1790919,1643914936,1645428860,177bd0f5eb2b27855612dea183c84f36
images/pictures/pic-bn_contact.jpg,file,326063,1643898908,1645428860,e7c568a642e309b0f04b508208871b23
images/pictures/pic-lg_newsletters.jpg,file,396732,1643915208,1645428860,3807d2ea56465604394ba402233990ac
images/pictures/pic-lg_events.jpg,file,716581,1643899244,1645428860,88ab168afd16256d732b8093c0a88764
images/pictures/pic-lg_community.jpg,file,1014062,1643899690,1645428860,5d91947599d58c4e21d2229a67ed0c32
images/pictures/pic-bn_carrers.jpg,file,270296,1643693816,1645428860,eaee9a45512cdc6c21f169c533940e86
images/pictures/pic-bn_bow-wow-meow-story.jpg,file,320528,1643693816,1645428860,7a1303d867a5fd872b9b24413a66de40
images/pictures/pic-bn_atlas.jpg,file,615727,1643961422,1645428860,ada2f2e426f57a5407b9e5067f70d22f
images/pictures/pic-bn_team-inner.jpg,file,289206,1643898634,1645428860,8614386c40186909d15a0de3271dc676
images/pictures/pic-bn_client-stories.jpg,file,274572,1643693816,1645428860,6d01b059cfa5a51cb110efa7d55b6bc0
images/pictures/pic-md_quote.jpg,file,63970,1643914748,1645428860,a18da48604cd276b36790c79042bdf5f
images/pictures/pic-md_british-council.jpg,file,60116,1643876862,1645428860,6decba1c2f269525e9738ca7b0fe9afb
images/pictures/pic-md_video-thumb.jpg,file,3682,1645099718,1645428860,6671afb42b228bc3ab09d8355ec42d56
images/pictures/pic-bn_fixed-price.jpg,file,435962,1643914894,1645428860,beae561fa5a7129a43c33f3289a65850
images/pictures/pic-bn_cookie-policy.jpg,file,327509,1643693816,1645428860,b603a5f8e12f9d2bfae701036cfb56cc
images/pictures/pic-bn_newsletters.jpg,file,126018,1643915164,1645428860,93c4b8e0c8e5dc3688ff922be005d3bf
images/pictures/pic-lg_team.jpg,file,1151934,1643898576,1645428860,39de46cb56a99b887c95d38e9223ebdb
images/pictures/pic-md_atlas.jpg,file,199424,1644165656,1645428860,9a64e2e2095a9641b0f1a6be1939f63b
images/pictures/pic-lg_about.jpg,file,942296,1643898264,1645428860,07de345574ca24534093db99a1048f05
images/pictures/pic-md_quality.jpg,file,111640,1643899036,1645428860,97457dbef30b6aa8c3ebd4cfab3051fe
images/pictures/pic-md_price-calculator.jpg,file,104532,1643914814,1645428860,ac8061cbb365eaf5eb9a65635e092a36
images/pictures/pic-bn_customer-statisfaction.jpg,file,219345,1643693816,1645428860,d3dbe91777f38217bc7116af57d8ed32
images/pictures/pic-md_charlie-reston.png,file,51275,1644165310,1645428860,e65c17730afc79d58fae751a415cd5db
images/pictures/pic-bn_quote.jpg,file,163798,1643914716,1645428860,005f2f35cf494e92e3e82d9c3266195e
images/pictures/pic-thumb_post-1.jpg,file,69987,1644257162,1645428860,fa50094ad902c8fe4962a291d3af6f23
images/pictures/pic-lg_claire-morgan.jpg,file,829560,1645621743,1645621743,632833246ccf26ed21eeee5dc67e8ae3
images/pictures/pic-bn_testimonials.jpg,file,331923,1643915008,1645428860,41779deac420561eddc68b2ac6d4074c
images/pictures/pic-md_claude.png,file,89780,1644165938,1645428860,3d195ae6a522ce34671a1dff8c9dbe90
images/pictures/pic-bn_press-enquires.jpg,file,203177,1643693816,1645428860,cfe6312861691d7514e04125c943ffb6
images/pictures/pic-bn_translations.jpg,file,372182,1643693816,1645428860,7473ef4c49e982090a7ab7bb263ebf0c
images/pictures/pic-bn_team.jpg,file,337449,1643898434,1645428860,fd0334ab1f25cec9de7a7cf1345e817c
images/pictures/pic-thumb_post-2.jpg,file,95295,1644257202,1645428860,452be2075997b0a944a8637ecb116b18
images/pictures/pic-bn_our-services.jpg,file,312134,1643693816,1645428860,aef26d65f0269766a367e8b7d7b7e690
images/pictures/pic-bn_client-stories-inner.jpg,file,320528,1643897660,1645428860,7a1303d867a5fd872b9b24413a66de40
images/pictures/pic-lg_team-inner.jpg,file,829560,1643898740,1645428860,632833246ccf26ed21eeee5dc67e8ae3
images/pictures/pic-lg_atlas.jpg,file,2073615,1644165598,1645428860,dc61538799b1a7f0a029cc5e7414a3f3
images/pictures/pic-md_chickens.png,file,154474,1644165958,1645428860,c01c0f222983a445ca1a75589ac3484e
images/pictures/pic-lg_price-calculator.jpg,file,1004910,1643914876,1645428860,9d90c4db6d480957110de0419704f4a5
images/pictures/pic-md_about.jpg,file,118223,1643898250,1645428860,93d315bee2f517330570438d25316098
images/pictures/pic-md_customer-statisfaction.jpg,file,89581,1643899110,1645428860,5fd73781302ba9df7d03d485c8591cf2
images/pictures/pic-thumb_post-3.jpg,file,77901,1644257226,1645428860,8300e5c3d97962718e968268a3936be9
images/pictures/pic-md_clare-suttie-team.png,file,68996,1645609303,1645609303,9c352e012a2bea8e3a86336776ade643
images/pictures/pic-md_events.jpg,file,94634,1643899224,1645428860,09ed9f4fc7e43a2136f6b3c90be88fd6
images/pictures/pic-lg_quality.jpg,file,816083,1643899074,1645428860,0bdab538c99f51cc025c245613e12650
images/pictures/pic-md_application.jpg,file,124510,1643915310,1645428860,ce1dd73edf99187c30753a0582b736da
images/pictures/pic-md_cookie-policy.jpg,file,98827,1643915382,1645428860,a2c24ef94a2093c494fd6a116e4b27cc
images/pictures/pic-bn_community.jpg,file,338023,1643899610,1645428860,cfda4b2b49868f963abebe5a7518fd79
images/pictures/pic-lg_testimonials.jpg,file,1305802,1643915092,1645428860,b1e343dc02ab09e52864ef875b294331
images/pictures/pic-md_pip.png,file,116306,1644165916,1645428860,d7ecdbbda5e5791c5747b1d1888cdf24
images/pictures/pic-bn_privacy-policy.jpg,file,335984,1643693816,1645428860,f751d8237b0b78dae1eab35ac6b2f0d4
images/pictures/pic-bn_events.jpg,file,226399,1643693816,1645428860,7a31e92dfb0b71c7ed45dba7248f28ec
images/pictures/pic-bn_subtitles.jpg,file,562440,1643693816,1645428860,7c39212fabf14831c223958464467646
images/pictures/pic-md_team-inner.jpg,file,88017,1643898698,1645428860,d1ead5b1f8a35ce45309564cdc89d59d
images/pictures/pic-lg_quote.jpg,file,497944,1643914766,1645428860,c055c80f1ebaa877da75a77aa523f263
images/pictures/pic-bn_about.jpg,file,305532,1643898226,1645428860,a821db02e77ddd1207c7d1d7472f9b29
images/pictures/pic-lg_our-services.jpg,file,905633,1643894090,1645428860,a606608680d47aedaf3519c82597320b
images/pictures/pic-bn_sectors.jpg,file,276942,1643693816,1645428860,432fdf8ea13bf6a1f62654f5318d4dbb
images/pictures/pic-md_pets.jpg,file,109718,1644166800,1645428860,22648a0843b6d1624f59677a69ff5b25
images/pictures/pic-lg_translations.jpg,file,1007035,1643915658,1645428860,838d2afbc0fff0fa98786afdd4c4cc12
images/pictures/pic-lg_application.jpg,file,1112378,1643915328,1645428860,12cfc929e73053905eaff8a3dbe4c1ee
images/pictures/pic-bn_claire-morgan.jpg,file,289206,1645621710,1645621710,8614386c40186909d15a0de3271dc676
images/pictures/pic-md_our-services.jpg,file,113326,1643897342,1645428860,a4aa9c75115e34ffe20254773070c565
images/pictures/pic-lg_pets.jpg,file,1433879,1644166818,1645428860,390fcbdcee9345c224dfc9eadafe85ca
images/pictures/pic-md_joanna-maciejewska.png,file,59564,1644165456,1645428860,2b5cbfd35242f3859471b3343b6a20a5
images/pictures/pic-md_sectors.jpg,file,105692,1643897512,1645428860,8f0628473d053a627ad93ce0dbd9e695
images/pictures/pic-md_translations.jpg,file,115747,1643915636,1645428860,145015d355f329dd7b4764aaea897811
images/pictures/pic-lg_press-enquires.jpg,file,628542,1643914692,1645428860,ea0a706fd9ff6d9b0ac7473510fffb68
images/pictures/pic-md_testimonials.jpg,file,87525,1643915056,1645428860,a995074bf0547198fe8d1905b184eb2c
images/pictures/pic-bn_terms.jpg,file,417658,1643693816,1645428860,3199865aab5321c6ccea1e95d088bacf
images/pictures/pic-md_privacy-policy.jpg,file,90112,1643915458,1645428860,15c57eada5243901f961b67987613cad
images/pictures/pic-bn_resources.jpg,file,253717,1643693816,1645428860,6911077dfd16283fca9a8acee3b97152
images/pictures/pic-md_bonnie.png,file,126826,1644165862,1645428860,12019ad038eeef90eff1e9cade7e4ab1
images/pictures/pic-md_jim-hearn.png,file,57415,1644165254,1645428860,6acb5e065f105ef43cb714006df7fe6d
images/pictures/pic-bn_application.jpg,file,400627,1643915290,1645428860,8bf8db67d9b63b11a567503278f0bc07
images/pictures/pic-lg_contact.jpg,file,948562,1643898982,1645428860,d7f7bb9bde04da82ae09c32b7d7e6f13
images/pictures/pic-md_press-enquires.jpg,file,76788,1643914664,1645428860,21a64e5cbac58173381f6bf435ceb195
images/pictures/pic-lg_customer-statisfaction.jpg,file,626791,1643899176,1645428860,631558bfda6ddcb7b93d6d41dbf8d8f3
images/pictures/pic-md_stefania-orlotti.png,file,64650,1644165282,1645428860,ff779f1462c3eb935384e22a3b40c2a6
images/pictures/pic-lg_privacy-policy.jpg,file,985175,1643915480,1645428860,383bfc22cf989e75d4ce28bc7a8d78fc
images/pictures/pic-lg_carrers.jpg,file,815177,1643899556,1645428860,2eb705e88340bc8a7a8efe56517ba879
images/pictures/pic-md_client-stories-inner.jpg,file,83806,1643897608,1645428860,17d3d801f2dbb280b6a1f43a94131a05
images/pictures/pic-bn_events-vid.jpg,file,299942,1646029985,1646029985,59ac71df454250c5ec38d404d967e9f1
images/pictures/pic-md_terms.jpg,file,114743,1643915520,1645428860,f5d304fdd6d3d9d64d1e1ed27740472d
images/pictures/pic-lg_video-thumb.jpg,file,11626,1645099666,1645428860,1d42706cd3e72971ffab9a511fe3a5d0
images/pictures/pic-bn_quality.jpg,file,293742,1643693816,1645428860,aeade6299f88b804d097f02c07e1bfa8
images/pictures/pic-lg_services-inner.jpg,file,1247258,1645797429,1645797429,a0fe100f50d3e6441a98b0c92ab8a226
images/pictures/pic-md_claire-morgan.jpg,file,88017,1645621727,1645621727,d1ead5b1f8a35ce45309564cdc89d59d
images/pictures/pic-md_james-martin.png,file,46119,1644165386,1645428860,706ef8c985beedec48435823de6f7be8
images/pictures/pic-md_events-vid.jpg,file,99563,1646030006,1646030006,b3d0df28bd93e617567e82c85b1dd070
images/pictures/pic-bn_price-calculator.jpg,file,301701,1643914790,1645428860,dd79c44a77e245ec0b3ecc0d9e8eceed
images/pictures/pic-lg_sectors.jpg,file,834026,1643895580,1645428860,cc90381ae45074cfaf841eb6108a834b
images/pictures/pic-md_team.jpg,file,119070,1643898468,1645428860,94b4767e13e6585ce7ee3fd5d7f924be
images/pictures/pic-lg_client-stories.jpg,file,827032,1643896224,1645428860,289fdd90e9358905adab38759d9fdc0e
images/pictures/pic-lg_terms.jpg,file,1214220,1643915542,1645428860,c0d0550bb6204de7330e2d2416ea1aa2
images/pictures/pic-md_fixed-price.jpg,file,116616,1643914914,1645428860,511be0a47d5f711e010b2bebc9e5e380
images/pictures/pic-md_anna-davis.png,file,55785,1644165354,1645428860,c38e61f1bdcc085e8e50205e3bdb7639
images/pictures/pic-bn_video-thumb.jpg,file,3211,1645099626,1645428860,801a8f96ce721ed7f9a2b623f0190046
images/pictures/pic-md_newsletters.jpg,file,47834,1643915188,1645428860,bf6def57135a797a7cfe3a6eccc32d5f
images/pictures/pic-lg_client-stories-inner.jpg,file,1546272,1643897706,1645428860,a1f9969324f5413d5554f0f3342ef27f
images/pictures/pic-lg_cookie-policy.jpg,file,922910,1643915398,1645428860,f34f8b123b8f0ff7106be5524e042b85
images/pictures/pic-md_shadow.png,file,92397,1644165970,1645428860,4e5540180daac4fcf85a5d0e8826300c
images/pictures/pic-md_client-stories.jpg,file,96115,1643897548,1645428860,b8d5179ec7227fbb0059d3f223a3ec37
images/pictures/pic-md_clare-suttie.png,file,65685,1644165140,1645428860,46c36ef1d927cf079cc0f56ed02e9e41
images/pictures/pic-bn_pets.jpg,file,404069,1643898786,1645428860,890b7a450d7cfcff3d7c1e54d2a54900
images/pictures/pic-lg_resources.jpg,file,750774,1643899338,1645428860,f777cd5ff82b0f9db46a9753642621d9
images/pictures/pic-md_contact.jpg,file,102429,1643898934,1645428860,a0f36ae94a4b111017fc3942bbabf672
images/pictures/pic-md_services-inner.jpg,file,119904,1645797369,1645797369,fa9a12baf09cac6656fcef3aa98b7536
images/pictures/pic-lg_events-vid.jpg,file,851778,1646030031,1646030031,20d4a1f5cedab02f5c0d8a3f5cbc5f84
images/pictures/pic-md_advertising_circle.png,file,594807,1644166104,1645428860,5d3db567f90be78274710aabaffe80b1
images/pictures/pic-md_resources.jpg,file,96113,1643899296,1645428860,8905e0f85dc0971e8b9d943e4c4860a9
images/pictures/pic-md_carrers.jpg,file,99605,1643899530,1645428860,ef14a0d232086131598beba9548a98e5
images/pictures/,dir,3712,1646030031,1646030031,
images/logos/logo-sm_watford-expo.png,file,18441,1646041533,1646041533,689a58640af052f8d6cf57104e06aa82
images/logos/logo-lg_atlas.png,file,30192,1643856334,1645428860,bc31c7c00c4516010f35229bbcd4ccee
images/logos/logo-sm_interlink.png,file,33732,1646041313,1646041313,11970c09c65e10c32af6d67a021edf70
images/logos/logo-sm_living-wage.png,file,13596,1643693816,1645428860,8e990e6d0b2dc62772baaff1d3716e3e
images/logos/logo-sm_big-buzz.png,file,12732,1646041421,1646041421,73afa1011dbb7a8e31551d4852600e42
images/logos/logo-sm_iso-9001.png,file,5531,1643693816,1645428860,9986cd791865ba8e51e85f3db1031dee
images/logos/logo-sm_crystal-palace.png,file,11518,1643693816,1645428860,925930ee22cb3da1587930c1762aedbc
images/logos/logo-sm_trustpilot.png,file,3574,1643693816,1645428860,866439d888220d19134092fb23accc5f
images/logos/logo-sm_3-expo.png,file,7866,1646041866,1646041866,898d52fd9f6f27ecdaa2052fcf2cca43
images/logos/logo-sm_2-expo.png,file,15397,1646041794,1646041794,740ea92b71a8cd9177687041d29bcd54
images/logos/logo-sm_atc.png,file,6827,1643693816,1645428860,ef5e4ae6500dbe0270a50e9668dabbf4
images/logos/logo-sm_iti-corp.png,file,17649,1643693816,1645428860,083154fedcf8c9276e9bd1d4bf37869d
images/logos/logo-sm_vinotopia.png,file,7830,1643856334,1645428860,bcc73f3d13c25b973e837ee0030f5ea7
images/logos/logo-sm_doha.png,file,9836,1643693816,1645428860,6ee6d4d0aa7082b9426b429de418bff2
images/logos/logo-sm_mustard.png,file,13216,1646041333,1646041333,db690ac37c346a348b4fcc2149ec59e7
images/logos/logo-sm_nhs.png,file,1987,1643693816,1645428860,57ee5aa482dc00e4d09ad3463835508a
images/logos/logo-sm_aviva.png,file,3754,1643693816,1645428860,13f22a7886714f0e35e7c419239646eb
images/logos/logo-sm_hertfordshire.png,file,34937,1646041518,1646041518,88f7172ac9614e2af4e12f99a6bc482d
images/logos/logo-sm_book-trust.png,file,5809,1643693816,1645428860,b9c1c8932807b861d794a377a08f2d28
images/logos/logo-sm_alzeimers-society.png,file,16151,1643693816,1645428860,12ebfb6bdd9ced1dd214aa5477031a2d
images/logos/logo-sm_amazon.png,file,3649,1643693816,1645428860,79a0a5b7633886922131feb59cf48c6c
images/logos/logo-sm_siscog.png,file,7581,1643693816,1645428860,19b075496f656637aa481e7254605fdf
images/logos/logo-sm_ciep.png,file,5559,1643693816,1645428860,911175cabc50020ab3882090a82a156a
images/logos/logo-sm_boot-bananas.png,file,9633,1643693816,1645428860,86e317e08abf06ce809ab02603f85e78
images/logos/logo-sm_museum.png,file,8446,1646041485,1646041485,374291199f9bcd51d5c1bcef7d2e0015
images/logos/logo-sm_popdance.png,file,35388,1643916558,1645428860,8183b1fba4e413044315831fbf8c4b51
images/logos/logo-sm_jelly.png,file,33351,1646041565,1646041565,8487a98ce13263bc0351861c69648f49
images/logos/logo-sm_linkee.png,file,18403,1643693816,1645428860,fc4154fcbdaf23e24ebafa1ac5d2743a
images/logos/logo-sm_holy-lama-naturals.png,file,16553,1643693816,1645428860,04cd4da167ec441f4feaf695b19add3b
images/logos/logo-sm_iso-17100.png,file,5814,1643693816,1645428860,a58b56df6eb78731bfef93ec7b9d465f
images/logos/logo-sm_buzz.png,file,11922,1646031853,1646031853,0030faef81a251a26e33fbf819ac914b
images/logos/logo-sm_employer-plus.png,file,9959,1643693816,1645428860,f0cd99ddbdbabec99d0010f8917e0cef
images/logos/logo-sm_bow-wow-meow.png,file,10155,1643693816,1645428860,cf6adaf32913527aae4c1d0412f154a2
images/logos/logo-sm_welwyn.png,file,5831,1646041548,1646041548,cbd9618732105b324b697a9a3dd96c37
images/logos/logo-sm_albans.png,file,10463,1646041968,1646041968,a4e50136944302264438aceea1f61f39
images/logos/logo-md_iti-conference.png,file,12082,1646041756,1646041756,29e5143e7e09d0f96f7ab7d0d969f65b
images/logos/logo-lg_atlas-light.png,file,15495,1644217126,1645428860,9c7d8939433bb992bd63b1906988862e
images/logos/logo-sm_joanne-and-eduardo.png,file,18630,1644844826,1645428860,cd6a062411dcd044cc0715d508648849
images/logos/logo-sm_bbc.png,file,1656,1643693816,1645428860,8db37a65d1315a8c28b12d4fefb532da
images/logos/logo-sm_mk-business.png,file,13740,1646041456,1646041456,07daf0d10f8b4622d2ae9637243763db
images/logos/logo-sm_chamber-member.png,file,5960,1643693816,1645428860,50fab3031e11c22dea119fb0746969f5
images/logos/logo-sm_business-expo.png,file,19624,1646041402,1646041402,a36c1253f1b0f9bfbb24ff3e895ad28d
images/logos/,dir,1408,1646041565,1646041565,
images/backgrounds/,dir,64,1645195070,1645428860,
images/icons/icon-1-md_arrow-previous_dark-blue.svg,file,475,1644066630,1645428860,f1a9a79cb27c612a339f88b1aa7b24bc
images/icons/icon-1-tiny_earth_fc.svg,file,3039,1643693816,1645428860,0a047f0da8a08053a4ab1af21862ab8c
images/icons/icon-1-md_earth_fc.svg,file,3684,1643693816,1645428860,30201c7067a01a207503966879033286
images/icons/icon-4-sm_linkedIn_green.svg,file,724,1643693816,1645429627,1944ccb376cad2c9117c8d6cdf0a43ea
images/icons/icon-1-sm_arrow-previous_dark-blue.svg,file,442,1644323132,1645428860,2cd6b40aa5b9143167fc92af0c303d2c
images/icons/icon-4-sm_facebook_aquamarine.svg,file,523,1643693816,1645429583,c81b4999ab7fea84414c6e4c5bbf343e
images/icons/icon-3-sm_advertising_dark-blue.svg,file,2690,1643693816,1645429411,7f1f290fbd26c4a37159b24223e7e7ae
images/icons/icon-4-sm_instagram_green.svg,file,2187,1643693816,1645429609,d35ee34f720d9ec6f1b728e1c26fed54
images/icons/icon-4-sm_twitter_green.svg,file,959,1643693816,1645429642,e34083c71e968405185f28cd10c378ce
images/icons/icon-5-md_pets_dark-blue.svg,file,5367,1643693816,1645429659,2940e0ec3d30a789a43e78c5068546f1
images/icons/icon-3-sm_transcription_white.svg,file,7771,1643693816,1645429546,c85fd33d5e44aba2302b8834ad4e2659
images/icons/icon-5-sm_call_green.svg,file,1358,1643693816,1645428860,d7a0cc100ed69b0eee3b997875deb038
images/icons/icon-1-md_arrow_dark-blue.svg,file,760,1643964082,1646123425,c716ae228d2245b45df99fdfd73b16f0
images/icons/icon-3-sm_typesetting_dark-blue.svg,file,3412,1643693816,1645429567,a7a0b8f7da976eb245eaf227a07a5c63
images/icons/icon-3-sm_subtitling_white.svg,file,1535,1643693816,1645429521,f9e9c7a6310336bc98e78d5ff2e8e74f
images/icons/icon-1-sm_arrow_silver.svg,file,237,1646207442,1646207442,d9ada8824dfdab7cea550a7fc797cfc5
images/icons/icon-3-sm_pointer_white.svg,file,894,1643693816,1645429492,84a5b25f7800acbf223d8d24eeb1c592
images/icons/icon-5-sm_chat_green.svg,file,1394,1643693816,1645428860,20532574c81e7d004741c6ab4a2c2430
images/icons/icon-3-sm_typesetting_white.svg,file,3400,1643693816,1645429573,83737d963de78f116df53265297ce464
images/icons/icon-3-sm_email_dark-blue.svg,file,691,1644325236,1645429460,8b9b0e12249d4ffc56af1fb30d2b7ade
images/icons/icon-4-sm_youtube_dark-blue.svg,file,3056,1643693816,1645429647,bc3d680e6b92ca9806eb5ea4be0b1001
images/icons/icon-4-sm_youtube_green.svg,file,3118,1643693816,1645429653,0455c99c1835154c9425f6dcc38ba351
images/icons/icon-1-md_long-arrow_dark-blue.svg,file,924,1644217612,1645428860,7d5da62fb895522431c0a02c4e23c42d
images/icons/icon-3-sm_deaf_dark-blue.svg,file,2839,1643693816,1645429434,044f7d688e638466a60865d51c65c90c
images/icons/icon-3-sm_cv-clinic_dark-blue.svg,file,4847,1643693816,1645429429,150f21b2ace5c8ae44c335060e4aefa6
images/icons/icon-3-sm_car_white.svg,file,1169,1643693816,1645429422,d3b73344e7b6a6a0a21a16af4d85f320
images/icons/icon-3-sm_legal_dark-blue.svg,file,3902,1643693816,1645429481,39a139ef621900d7232fdd654876941f
images/icons/icon-3-sm_tea_white.svg,file,4033,1645622055,1645622055,a4b43373bf90629e25dd0976472030d9
images/icons/icon-3-sm_accountancy_dark-blue.svg,file,12293,1643693816,1645429405,d01012d2a144862bb91b443b62d159c2
images/icons/icon-3-sm_education_dark-blue.svg,file,5608,1643693816,1645429451,f59d59c42d6443a4708ad418f322f0a9
images/icons/icon-3-sm_transcription_dark-blue.svg,file,7816,1643693816,1645429540,7c51dbb14e193a59226b977f5bede16e
images/icons/icon-3-sm_editorial-services_dark-blue.svg,file,4696,1643693816,1645429445,a2c1bd39bfc366c759910d2e092d155f
images/icons/icon-4-sm_twitter_dark-blue.svg,file,970,1643693816,1645429637,f3c82510e2ea99b03ddb5a244363cbb4
images/icons/icon-3-sm_translation_dark-blue.svg,file,2881,1643693816,1645429554,46928b452a717fee8dceedad854e3c00
images/icons/icon-4-md_twitter_green.svg,file,838,1644322638,1645429578,a6d95e10027f3d44f40bef5b14133e2b
images/icons/icon-3-sm_technical-translations_dark-blue.svg,file,5484,1643693816,1645429527,a577ca1bed02964bb7125fbd12232680
images/icons/icon-2-sm_price-translation_fc.svg,file,2475,1643693816,1645428860,6f28e25b1d5ed134b92e6b909af891e5
images/icons/icon-4-sm_facebook_green.svg,file,542,1643693816,1645429596,ed0834c80432cc067de092831f6f69af
images/icons/icon-3-sm_subtitling_dark-blue.svg,file,1544,1643693816,1645429515,1175380280095d4b6a0910478a49f3a7
images/icons/icon-4-sm_linkedin_aquamarine.svg,file,699,1643693816,1645429616,e5bbff415b36271b564db92fafea377e
images/icons/icon-3-sm_proofreading_white.svg,file,6298,1643693816,1645429505,d1e118eb3e7dac350c2e07bfbbc5caaf
images/icons/icon-3-md_bird_dark-blue.svg,file,5513,1644222730,1645428860,58f7a896b5db789c7c80dfc952efec92
images/icons/icon-6-md_circle_aquamarine.svg,file,312,1644325718,1645429670,0af13818f09081c52f71114b177d7778
images/icons/icon-4-sm_twitter_aquamarine.svg,file,945,1643693816,1645429632,196cec4840bd860ba021f97589c2fd4e
images/icons/icon-3-sm_proofreading_dark-blue.svg,file,6316,1643693816,1645429496,881a9c8c17d6896100c4ad314551b841
images/icons/icon-3-sm_blind_dark-blue.svg,file,2455,1643693816,1645429416,8f4453813263bdb11070b8bb5374bc9c
images/icons/icon-3-sm_healthcare_dark-blue.svg,file,6313,1643693816,1645429465,cd3814e6b62792980d2a790a41debdd7
images/icons/icon-4-sm_linkedIn_dark-blue.svg,file,720,1643693816,1645429622,518447d4588d50d4693891262f126c1d
images/icons/icon-4-sm_instagram_dark-blue.svg,file,2209,1643693816,1645429603,2453b91a47443ddd8e37d64d6213a035
images/icons/icon-3-sm_interpreting_white.svg,file,6190,1643693816,1645429475,a0a8a458a46c86a63c3ce57f93490250
images/icons/icon-2-sm_qoute_fc.svg,file,3320,1643693816,1645428860,d33688dfb2eed2ff3745407cd7145aea
images/icons/icon-1-md_arrow-next_dark-blue.svg,file,476,1644066650,1645428860,8c052773159d0a950ea127c8657bc76d
images/icons/icon-3-sm_train_white.svg,file,2821,1643693816,1645429533,b123ba70db876f5205c205ca3b4aeb38
images/icons/icon-3-sm_phone_dark-blue.svg,file,2892,1644325186,1645429486,8e9282a0305333c2ab452ac665715f77
images/icons/icon-1-sm_arrow-next_dark-blue.svg,file,448,1644323156,1645428860,4de574e0bc1ebaebe99370f8b68d851b
images/icons/icon-3-sm_interpreting_dark-blue.svg,file,6226,1643693816,1645429470,1e77f99fd747c4170c5e380fb060fc89
images/icons/icon-1-sm_arrow_green.svg,file,267,1645085518,1645429393,f5a1c8cf02c508ebf6f37c783d28b04a
images/icons/icon-2-sm_calculator_fc.svg,file,4804,1643693816,1645428860,c0e8187a556a4af80e0b23db32641663
images/icons/icon-3-sm_studio-work_dark-blue.svg,file,2850,1643693816,1645429510,00eee5933f6ccd473f1965454c3e5bbb
images/icons/icon-3-sm_translation_white.svg,file,2872,1643693816,1645429560,8bef4b8d4e8a56af5f606496ef9643df
images/icons/icon-6-md_circle_dark-blue.svg,file,163,1644561080,1645429679,0969c2c67f7f629aa460419c8a8d5580
images/icons/icon-1-tn_arrow_white.svg,file,672,1644927534,1645428860,3039dd02cf670ef9702e7f58cc4ce609
images/icons/icon-4-sm_facebook_dark-blue.svg,file,542,1643693816,1645429589,aef04ecc07fb2153a336ea74b17b2829
images/icons/icon-1-tn_arrow_dark-blue.svg,file,678,1643891554,1645428860,303ab395947b97647353728409b86c25
images/icons/,dir,2112,1646207442,1646207442,
images/,dir,288,1645621997,1645621997,
sectors.html,file,42478,1646135548,1646135548,2a561499fa511cef9ee00aa388bb43de
about-atlas.html,file,3925,1643856334,1645432005,a640ca3014dffc1185e43eb2006a2c1e
sitemap.html,file,24331,1645881013,1645881013,f40dbb47f21d098138b60bb8fd949dc0
about-this-site.html,file,0,1643856334,1645432005,d41d8cd98f00b204e9800998ecf8427e
translation.html,file,3008,1643856334,1645432005,7f5b081a4fb20ae90ea862aed8b453b2
site-elements/site-header.html,file,3453,1643954518,1645429001,44e821401cfe6b27275c4620775f13ad
site-elements/buttons.html,file,738,1644055032,1645429001,f745eec2be11be55fde2206583642d11
site-elements/site-body.html,file,977,1643693816,1645429001,fc69d646503c45b68748708d859b85b4
site-elements/forms/get-a-quote.html,file,5427,1643873302,1645429001,063827b1b9a49628c9727581158ee9c1
site-elements/forms/_new.html,file,754,1643693816,1645429001,8bccd4fc8bdff3f96c45a991b29ebcda
site-elements/forms/_new_cf7.html,file,159,1643693816,1645429001,f69ed2b40b12ef3c08e41afe4278d742
site-elements/forms/subscribe-to-our-blog.html,file,3322,1643856334,1645429001,bc58ded557a60cb1ff33f0f23ca8cd2c
site-elements/forms/wp-comments-form.html,file,808,1643693816,1645429001,59c7d86532de0b5c96cbb71b2c9ba02f
site-elements/forms/,dir,224,1645429001,1645429001,
site-elements/site-footer.html,file,9746,1644331034,1645429001,a2a442a7138e5f0002b0fd5c9acdb298
site-elements/css/styles.css,file,1852,1643693816,1645429001,d9cd9ac9473b63293ddf4977d7d4f411
site-elements/css/,dir,96,1645429001,1645429001,
site-elements/forms.html,file,3549,1643693816,1645429001,2016c79ce05fa26997acc2682aba6a33
site-elements/site-banner.html,file,1247,1643962444,1645429001,53e7e0ed6c25174c4ab93ae68ca226fd
site-elements/grids/site-sidebar.html,file,1053,1643693816,1645429001,113e1720075c5e37e1eac54fe7d72772
site-elements/grids/_new.html,file,924,1643693816,1645429001,28b2533ae08015851f962e997e3eb66e
site-elements/grids/brick-layer.html,file,2599,1643693816,1645429001,e90dabdb43bfa260ea25547564ea8bfd
site-elements/grids/_notes.txt,file,0,1643693816,1645429001,d41d8cd98f00b204e9800998ecf8427e
site-elements/grids/,dir,192,1645429001,1645429001,
site-elements/_tpl.html,file,358,1643693816,1645429001,6c94b598b310e31aefe01a47a05c24a2
site-elements/stories/story.html,file,5787,1644312836,1645429001,28e8b69bebf0752e1765378c4a319d03
site-elements/stories/wp-html-editor.html,file,5734,1644312842,1645429001,09b385c56e71ae312f3b9719a512617f
site-elements/stories/,dir,128,1645429001,1645429001,
site-elements/site-navigation.html,file,1415,1643895334,1645429001,64e926b6ef8a5e3761b445cd5ed6db70
site-elements/icons.html,file,1440,1644313460,1645429001,41639ec33aa8cd36aa615afb3d6f6c71
site-elements/page-banner.html,file,1678,1645430392,1645430392,8b1342b0f647e8f14a3a7215a2815968
site-elements/site-main.html,file,576,1643693816,1645429001,04c98e5a2c9fb0289e63dcd2efedccfc
site-elements/,dir,544,1645429001,1645429001,
work-with-us.html,file,40690,1646038495,1646038495,3d0906b5cf9ec0e1d8c27ca74d9f7567
sitemap-wp.txt,file,769,1643856334,1645429001,f3c1c5cdd837765a9daf3fdb7c6244d1
newsletter.html,file,1605,1643856334,1645432005,f292ca4c2612f7b1d420565b583a8bc5
404.html,file,2630,1643907310,1645432005,b2db3d0169dc6dc8c3ca1fff581c6b55
supplier-faqs.html,file,42630,1646046327,1646046327,055a8851488e1c09f9019b6bf00ef858
press-enquiries.html,file,1182,1643856334,1645432005,fddfcdb510fd91ccd3f0ac2334f8a4a2
timeout.html,file,0,1643856334,1645432005,d41d8cd98f00b204e9800998ecf8427e
placement-application.html,file,241,1643856334,1645432005,7b4659056baa0a80efea4bcc98623962
meet-the-team.html,file,44032,1646125773,1646125773,55db81c5105d5d12967b6e31ca35115f
resources.html,file,40529,1646029525,1646029525,54b5302fe8873d82356d74717ed85e0c
translation-and-service-information-sheets-for-clients.html,file,2408,1643856334,1645432005,48f77503ccd8e344167d1c766e7da3f6
cookie-policy.html,file,10710,1643906952,1645432005,64bb6c59bb04a4ae6346c9049765797a
client-faqs.html,file,1603,1643856334,1645432005,72e9ee58766e32815d4fa29255142bf7
customer-satisfaction.html,file,2241,1643856334,1645432005,b01a858d6da1bcb88d52a0e8aaddf525
!signature,file,307,1646226074,1646226074,61aa9cc43398e82b5d59f83f3e317b96
prepros.config,file,22614,1646225766,1646225766,9e04aedb28c96c0a5c361878b7650dd6
scripts/jquery.fitvids.min.js,file,2064,1580368346,1645432005,f2f97e072ea8ad4aa4e71ce559ef268f
scripts/jquery.validate.min.js,file,24430,1643976632,1645429001,08ea8682652b05beea01dda05766d2e1
scripts/jquery-ui.min.js,file,35399,1643976632,1645429001,9ff8daedc0e7c1c1eb814b3d473e2f08
scripts/slick.js,file,88955,1643976632,1645429001,5f8f4aed010e1afe499184d8197309f9
scripts/jquery.form.min.js,file,17094,1643976632,1645429001,8cec94ac0ff1d2051d13f008960852a9
scripts/jquery.fitvids.js,file,3350,1580368346,1645432005,6755415003869bd599c3fae8e9792027
scripts/jquery.atlas-translations.js,file,74075,1645177804,1645432005,1cfcdc794f33998cea2004c3d1c89aea
scripts/jquery.min.js,file,89501,1643976632,1645429001,8fb8fee4fcc3cc86ff6c724154c49c42
scripts/jquery.slick.min.js,file,42863,1643981644,1645429001,d5a61c749e44e47159af8a6579dda121
scripts/jquery.atlas-translations.min.js,file,23663,1643981496,1645429001,76f19bc364cec0312b6353f516e72da4
scripts/slick.min.js,file,42863,1643976632,1645429001,d5a61c749e44e47159af8a6579dda121
scripts/,dir,416,1645195070,1645432005,
fixed-price-bundle.html,file,3381,1643856334,1645432005,7518c66d0b4a50595ac9e31b6728f36a
quality-control.html,file,0,1643856334,1645432005,d41d8cd98f00b204e9800998ecf8427e
project-management.html,file,2081,1643856334,1645432005,44ee98dde605ec672fdfe89e824e9393
our-community.html,file,34038,1646056285,1646056285,fd79638258e839c5486d2d0e8dff8db9
quality-standards.html,file,1211,1643856334,1645432005,69f21e520d44301f7d5011b344a4af2a
courses-for-linguists.html,file,41696,1646038495,1646038495,7c395bed641ac9eb47f8701e0475976f
work-as-a-freelancer.html,file,31446,1646038495,1646038495,234a04375b0666ecb4d09323559918bb
client-stories.html,file,55741,1646135613,1646135613,2b308ce5727c9e648a12794df046dd37
services.html,file,42428,1646225269,1646225269,2904315fa2f3cf3ba60a00885603859e
events.html,file,53342,1646045417,1646045417,fe58bc18b7e05b501ac656adb69416d2
terms-and-conditions.html,file,8378,1643856334,1645432005,e757948c4627319779b3c273d05c5f17
language.html,file,3832,1643856334,1645432005,89866a2769b76ae7c327d6b16acf2e21
fonts/icomoon.woff,file,34668,1645086750,1645432005,ee7cb3bebf0eda90f40d2834cf9739eb
fonts/worksans-regular.woff,file,30112,1643856334,1645429001,219a57cc026d1408823fee0d5288ca5e
fonts/worksans-medium.woff2,file,25304,1643856334,1645429001,19530c92767c1f46f52051280a8516fc
fonts/worksans-regular.woff2,file,23640,1643856334,1645429001,f1ec1807f84b09ddc5f3a038f8485d6c
fonts/worksans-semibold.woff2,file,25600,1643856334,1645429001,fc5fceaa75302f8b92b94e05d644b552
fonts/worksans-medium.woff,file,32052,1643856334,1645429001,ec338f836052949cc99560e409157a69
fonts/worksans-semibold.woff,file,32348,1643856334,1645429001,93788fa930308b2100bf50b0df36ca9d
fonts/gotham-medium-webfont.woff,file,20984,1643856334,1645429001,fbfe0ab5012085a435b633d6127c60f9
fonts/gotham-medium-webfont.woff2,file,14596,1643856334,1645429001,e159b39415c92e71fa08f43629cce45c
fonts/,dir,352,1645195070,1645432005,
!build/tasks/,dir,64,1645429001,1645429001,
!build/changelog-history.txt,file,20854,1646226074,1646226074,9e3a6d1b43ce6c8b1375d880331fe9a0
!build/site-config.json,file,481,1643693816,1645429001,4404cf8d565a3e098656eccd1d8037f8
!build/robots.txt,file,26,1643693816,1645429001,bbbcde0b15cabd06aace1df82d335978
!build/material/icomoon/demo-files/demo.css,file,1996,1644393212,1645429001,85e2d0246b640b49a2a05efed9c167ff
!build/material/icomoon/demo-files/demo.js,file,996,1644393212,1645429001,3b9d1a0e781f00d1ef22bc48202efab1
!build/material/icomoon/demo-files/,dir,128,1645429001,1645429001,
!build/material/icomoon/style.css,file,3727,1644393212,1645429001,054a6fd571d6899cfe52e3bb0dc52430
!build/material/icomoon/selection.json,file,190168,1644393212,1645429001,4c9d9c467a5441cd24c8db5fbd8937e9
"!build/material/icomoon/Read Me.txt",file,755,1644393212,1645429001,f640c26d85247cc2efb5b5b52e8193e8
!build/material/icomoon/demo.html,file,35716,1644393212,1645429001,53d02ab28c38a4959bd7113cc9ece0cd
!build/material/icomoon/fonts/icomoon.ttf,file,38200,1644393212,1645429001,7144d0c9f7f4779f9dca64404275f6d7
!build/material/icomoon/fonts/icomoon.woff,file,38276,1644393212,1645429001,25326b59b69cd6f97dd687f62db7c245
!build/material/icomoon/fonts/icomoon.eot,file,38364,1644393212,1645429001,7ae641a4ed9815cc2e0cb5e7de4dbfed
!build/material/icomoon/fonts/icomoon.svg,file,180619,1644393212,1645429001,08eba181e3b75f8da8035360dc35cf38
!build/material/icomoon/fonts/,dir,192,1645429001,1645429001,
!build/material/icomoon/,dir,256,1645429001,1645429001,
!build/material/,dir,96,1645429001,1645429001,
!build/,dir,288,1646226074,1646226074,
languages.html,file,4503,1643856334,1645432005,33c468c21c9ea7451e58a4fd0c33ad38
build-info.txt,file,714,1644329736,1645429001,2c8389b575628575f951027a9318e1ec
blog-inner.html,file,33157,1646137594,1646137594,9ec8e478b93c5db6f98464d2184072b2
services-inner.html,file,37860,1646135585,1646135585,c1fba41212012ee17adc2779e6df3aa3
sitemap.txt,file,909,1643856334,1645429001,e602958d890cb3a12c73ca2fee5b288a
